frame,t_s,true_angle_deg,n_features,n_rigid_bodies,rb_ids,n_joints,most_likely,prism_p,rev_p,rigid_p,discon_p,rev_joint_value_rad,prism_joint_value_m,rev_pos_x,rev_pos_y,rev_pos_z,rev_ori_x,rev_ori_y,rev_ori_z,rev_pos_world_x,rev_pos_world_y,rev_pos_world_z,rev_ori_world_x,rev_ori_world_y,rev_ori_world_z
0,0.0,0.0,200,1,0,0,,,,,,,,,,,,,,,,,,,
1,0.03333333333333333,0.0,200,1,0,0,,,,,,,,,,,,,,,,,,,
2,0.06666666666666667,0.0,200,1,0,0,,,,,,,,,,,,,,,,,,,
3,0.1,0.0,200,1,0,0,,,,,,,,,,,,,,,,,,,
4,0.13333333333333333,0.0,200,1,0,0,,,,,,,,,,,,,,,,,,,
5,0.16666666666666666,0.0,200,1,0,0,,,,,,,,,,,,,,,,,,,
6,0.2,0.0,200,1,0,0,,,,,,,,,,,,,,,,,,,
7,0.23333333333333334,0.0,200,1,0,0,,,,,,,,,,,,,,,,,,,
8,0.26666666666666666,0.0,200,1,0,0,,,,,,,,,,,,,,,,,,,
9,0.3,0.0,200,1,0,0,,,,,,,,,,,,,,,,,,,
10,0.3333333333333333,0.0,200,1,0,0,,,,,,,,,,,,,,,,,,,
11,0.36666666666666664,0.0,200,1,0,0,,,,,,,,,,,,,,,,,,,
12,0.4,0.0,200,1,0,0,,,,,,,,,,,,,,,,,,,
13,0.43333333333333335,0.0,200,1,0,0,,,,,,,,,,,,,,,,,,,
14,0.4666666666666667,0.0,200,1,0,0,,,,,,,,,,,,,,,,,,,
15,0.5,0.0,200,1,0,0,,,,,,,,,,,,,,,,,,,
16,0.5333333333333333,0.6000000000000001,200,1,0,0,,,,,,,,,,,,,,,,,,,
17,0.5666666666666667,1.2000000000000002,200,1,0,0,,,,,,,,,,,,,,,,,,,
18,0.6,1.8,200,1,0,0,,,,,,,,,,,,,,,,,,,
19,0.6333333333333333,2.4000000000000004,200,1,0,0,,,,,,,,,,,,,,,,,,,
20,0.6666666666666666,3.0,200,1,0,0,,,,,,,,,,,,,,,,,,,
21,0.7,3.6,200,1,0,0,,,,,,,,,,,,,,,,,,,
22,0.7333333333333333,4.2,200,1,0,0,,,,,,,,,,,,,,,,,,,
23,0.7666666666666667,4.800000000000001,200,1,0,0,,,,,,,,,,,,,,,,,,,
24,0.8,5.3999999999999995,200,1,0,0,,,,,,,,,,,,,,,,,,,
25,0.8333333333333334,6.0,200,1,0,0,,,,,,,,,,,,,,,,,,,
26,0.8666666666666667,6.6,200,1,0,0,,,,,,,,,,,,,,,,,,,
27,0.9,7.2,200,1,0,0,,,,,,,,,,,,,,,,,,,
28,0.9333333333333333,7.8,200,1,0,0,,,,,,,,,,,,,,,,,,,
29,0.9666666666666667,8.4,200,1,0,0,,,,,,,,,,,,,,,,,,,
30,1.0,9.0,200,2,0;2,0,,,,,,,,,,,,,,,,,,,
31,1.0333333333333334,9.600000000000001,200,2,0;2,0,,,,,,,,,,,,,,,,,,,
32,1.0666666666666667,10.2,200,2,0;2,0,,,,,,,,,,,,,,,,,,,
33,1.1,10.799999999999999,200,2,0;2,0,,,,,,,,,,,,,,,,,,,
34,1.1333333333333333,11.4,200,2,0;2,1,JointType.Prismatic,0.8261327147483826,5.131420099851536e-19,0.0,0.17386727035045624,0.05070800784844421,0.32460790210534624,-0.07954484082444316,-2.3810243697283453,5.939844938123683,-0.06196707645453487,-0.9261316587019726,-0.3720755732181445,-3.6041820241396763,2.1937117222780875,1.7293732405804496,0.059867909517195006,-0.10791706755384367,0.9923556519416918
35,1.1666666666666667,12.0,200,2,0;2,1,JointType.Prismatic,0.7833834886550903,5.503902631611461e-19,0.0,0.21661652624607086,0.03615566702434596,0.273077179501005,-0.1045770262393682,-2.3787479359936468,5.938347645521557,-0.04360575366808138,-0.92805747241792,-0.3698754738236914,-3.615246726371067,2.17116350599484,1.7275886820057402,0.06701378373063391,-0.09079849670778206,0.9936119895541271
36,1.2,12.600000000000001,200,2,0;2,1,JointType.Prismatic,0.7985126972198486,5.275740369275194e-19,0.0,0.20148727297782898,0.03604524792807026,0.26983286709406384,-0.12201973488832016,-2.377505021721386,5.937209864873445,-0.037456390397577935,-0.9288619914527138,-0.3685273662197732,-3.622958698506707,2.1554528270665814,1.7267012592790134,0.06886467594769627,-0.08474154004951281,0.9940203860065727
37,1.2333333333333334,13.2,200,2,0;2,1,JointType.Prismatic,0.8050352334976196,5.403514441508377e-19,0.0,0.19496478140354156,0.03583709406277711,0.2645113443052173,-0.14008523805621786,-2.3762977636309617,5.935897476789231,-0.033553911655940204,-0.9294596839713786,-0.3673946527705736,-3.6308539607893793,2.1391262260031167,1.7258955481073937,0.06978991747937349,-0.08074881817280372,0.9942881854783944
38,1.2666666666666666,13.799999999999999,200,2,0;2,1,JointType.Prismatic,0.8088456392288208,5.485408424078424e-19,0.0,0.1911543607711792,0.03671636002812873,0.27062042099843275,-0.15806669745257437,-2.375198339203373,5.934626096896301,-0.03049965392112061,-0.930044681786993,-0.3661784551150201,-3.6387651574467017,2.122907023173039,1.725182491354437,0.07021429524070175,-0.07744495667911587,0.9945211065778451
39,1.3,14.4,200,2,0;2,1,JointType.Prismatic,0.8093906044960022,5.327761241010771e-19,0.0,0.19060936570167542,0.039022136813933336,0.2889724287812316,-0.17727214209779893,-2.374045368355549,5.933125120555637,-0.027256128516215034,-0.9307809895794537,-0.364559807021839,-3.647101609729067,2.1055161706491083,1.72448021818346,0.07036786401556239,-0.07375896764820071,0.9947904193373391
40,1.3333333333333333,14.999999999999998,200,2,0;2,1,JointType.Prismatic,0.807345449924469,6.601945603696509e-19,0.0,0.192654550075531,0.04245424155365155,0.3179171028259144,-0.1975164251596155,-2.3727278963858676,5.931063909422333,-0.02492733546779146,-0.9317947105758669,-0.36212876893352813,-3.6554693162541416,2.0869340612747784,1.72377168510409,0.069316517414754,-0.07041893884840404,0.9951062222019089
41,1.3666666666666667,15.6,200,2,0;2,1,JointType.Prismatic,0.8013758063316345,6.681511072842219e-19,0.0,0.19862422347068787,0.047504089877368774,0.36121251870237114,-0.21691974349312063,-2.371262282541338,5.92841448740507,-0.024408743597321314,-0.9332581286460094,-0.35837616906282815,-3.6628853052987327,2.0687631718978152,1.7230802307969582,0.06614028597396204,-0.0679185259197721,0.9954961257625103
42,1.4,16.2,200,2,0;2,1,JointType.Prismatic,0.80210942029953,7.438664642688039e-19,0.0,0.19789057970046997,0.05027423299402644,0.383016989311863,-0.23811377236646644,-2.3694610826587095,5.9249001214994585,-0.02514902880224798,-0.9350196140060445,-0.3537030502756392,-3.6704263159662713,2.0485813180746386,1.7223005622828313,0.06148854835498521,-0.06600333241549622,0.9959230484988518
43,1.4333333333333333,16.8,200,2,0;2,1,JointType.Prismatic,0.8021727800369263,7.3848058790289455e-19,0.0,0.19782719016075134,0.05291759273815476,0.4032170243051029,-0.2555663704446443,-2.367804208399832,5.921533618046935,-0.0244443102529905,-0.9369847526374503,-0.3485140585703705,-3.6762051369899367,2.031704903584923,1.7216196665259262,0.0571038170969386,-0.06256458752295133,0.9964059546495305
44,1.4666666666666666,17.4,200,2,0;2,1,JointType.Prismatic,0.8015608787536621,9.774247359334843e-19,0.0,0.19843913614749908,0.05558333940055073,0.4239482343763708,-0.2697628944661297,-2.3661848819682594,5.917962735833241,-0.02357026993408928,-0.9389043247930556,-0.343370224772228,-3.6801546166622505,2.017528547621739,1.7210303838333654,0.05285382369378802,-0.05900908370799372,0.9968572622802571
45,1.5,18.0,200,2,0;2,1,JointType.Prismatic,0.7986049652099609,9.825622513204746e-19,0.0,0.20139501988887787,0.05923874035091162,0.453316979451002,-0.27770375412537557,-2.3647575004989343,5.914438704352081,-0.021451389547356883,-0.940915909204044,-0.33796018950937845,-3.68098063026854,2.0087731456881994,1.7206131232775888,0.0490005631923241,-0.05424061101214646,0.9973248723078475
46,1.5333333333333334,18.6,200,2,0;2,1,JointType.Prismatic,0.7867315411567688,1.0635449910482177e-18,0.0,0.2132684886455536,0.06769596503103355,0.5255475304948112,-0.26482414667357224,-2.3640857411054244,5.9119299819544775,-0.01661887162329778,-0.94376596451009,-0.3301963315034071,-3.6721483204336205,2.0185003424078385,1.7206475299769555,0.044397894185707054,-0.045864164365945204,0.9979605730783598
47,1.5666666666666667,19.200000000000003,200,2,0;2,1,JointType.Prismatic,0.7671129107475281,1.5700053462378976e-18,0.0,0.23288705945014954,0.0819871911032531,0.6507656582543918,-0.20132735084052553,-2.364933230014464,5.913367395004207,-0.009255006391814312,-0.9483902802249314,-0.31697037910751763,-3.640982549243502,2.0738459937253646,1.7210730427900298,0.03616570125705709,-0.0323724370762636,0.9988213390643638
48,1.6,19.8,200,2,0;2,1,JointType.Prismatic,0.7289878726005554,3.517114061932595e-18,0.0,0.2710121273994446,0.10239511064516149,0.827082275533944,-0.05434514674855903,-2.3636275792992962,5.915744263871014,-0.003988581777564329,-0.9567899568310201,-0.29075259194493586,-3.5672932096259573,2.2010363509326982,1.7191712517043445,0.015242372344847183,-0.01374612637385575,0.9997893348576063
49,1.6333333333333333,20.4,200,2,0;2,1,JointType.Prismatic,0.6562151312828064,2.4275032862938513e-17,0.0,0.3437848687171936,0.12905261967781737,1.0398353328729797,0.17113364016588986,-2.349870849389837,5.89687725294802,-0.00762733207944083,-0.9722900269696415,-0.2336534340871619,-3.4329062141987294,2.3834098952374845,1.7110520851748183,-0.037420278950177965,0.013458925540365735,0.9992089771647319
50,1.6666666666666667,21.0,200,2,0;2,1,JointType.Prismatic,0.5683974027633667,7.07451129030093e-16,0.0,0.4316025674343109,0.14383303220028126,1.1264422630586917,0.34284766372611963,-2.331735862284531,5.823093789107696,-0.010400559246291545,-0.9872752365530381,-0.15868029385058197,-3.2796796882896015,2.4919160911678935,1.7136250957383548,-0.10428973648560286,0.05015442920388968,0.9932815230814451
51,1.7,21.599999999999998,200,2,0;2,1,JointType.Disconnected,0.48371177911758423,1.2009787932751922e-14,0.0,0.5162882208824158,0.16088332579160092,1.2094857116863718,0.47117780027795686,-2.314154632604864,5.732031606876395,-0.011372698435384512,-0.9939497632216154,-0.10924527414031479,-3.1345440202255506,2.554724572472476,1.7214210657872124,-0.14719515792326723,0.07463953466584478,0.9862872428196618
52,1.7333333333333334,22.2,200,2,0;2,1,JointType.Disconnected,0.3994722366333008,2.1361196503050933e-13,0.0,0.6005277633666992,0.1847000820451737,1.32061946743625,0.5871443520611849,-2.2972228555479637,5.608335766087093,-0.011698236310112128,-0.9976262708551052,-0.06785996586330731,-2.9689303663388604,2.5909066986314895,1.7386999149468603,-0.18241838113084544,0.09529095159911664,0.9785924426281539
53,1.7666666666666666,22.8,200,2,0;2,1,JointType.Disconnected,0.31706902384757996,3.684844096518702e-12,0.0,0.6829310059547424,0.2141940156489316,1.4485198109564712,0.6994809517295728,-2.2836109971247462,5.443755515948569,-0.010082096810915653,-0.9991569071528483,-0.03979731413864287,-2.772165696645137,2.604261888888561,1.770271368888129,-0.20513669403372248,0.11073755918007223,0.9724485229294941
54,1.8,23.400000000000002,200,2,0;2,1,JointType.Disconnected,0.24211567640304565,5.737871983102494e-11,0.0,0.7578843235969543,0.24712535981852146,1.570488882297674,0.8031929176196407,-2.2728121119557803,5.2323378480251055,-0.006651979435118076,-0.999597194628009,-0.02758984707114434,-2.5417729696669586,2.5874939657157845,1.817263349139032,-0.21356875043782286,0.11976704789104627,0.9695587878390308
55,1.8333333333333333,24.0,200,2,0;2,1,JointType.Disconnected,0.18640896677970886,4.72366257220358e-10,0.0,0.8135910630226135,0.264887800922776,1.594049282227789,0.867024547306251,-2.2629292976094915,5.016401352427868,-0.0021052519486456146,-0.9992985970196874,-0.037388258968785365,-2.3283038454721834,2.5343825805435167,1.8663635617583891,-0.203071218522969,0.11879483274320857,0.971930999567927
56,1.8666666666666667,24.6,200,2,0;2,1,JointType.Disconnected,0.14688792824745178,1.8011189206745826e-09,0.0,0.8531121015548706,0.2754327763488288,1.5945493137078937,0.9040152028677784,-2.2490855626936814,4.843826273082945,0.0012166572379724019,-0.9983626318732933,-0.057188941450217086,-2.1635039424138633,2.4790686677623754,1.899881894219987,-0.18478747703605616,0.1117472164725212,0.9764047049975193
57,1.9,25.200000000000003,200,2,0;2,1,JointType.Disconnected,0.11868350952863693,5.812103687219405e-09,0.0,0.8813164830207825,0.2878225195323922,1.6051925578951884,0.926752144889276,-2.2348314652830426,4.686359684500957,0.0035608214358774683,-0.997148024094865,-0.07538659426190099,-2.018400636533401,2.418913849275972,1.9289043472617058,-0.16826472379877708,0.10461226204984996,0.980175115657266
58,1.9333333333333333,25.8,200,2,0;2,1,JointType.Disconnected,0.09966542571783066,1.606031752032777e-08,0.0,0.9003345370292664,0.30330013676661494,1.6318801833875713,0.9430891572387671,-2.2175029686102277,4.539974306637802,0.005130871463988991,-0.9956143578390743,-0.093411587197241,-1.8850188728362256,2.3583036665396064,1.9519600294958304,-0.15220713737858632,0.09685344482072158,0.9835915806661705
59,1.9666666666666666,26.4,200,2,0;2,1,JointType.Disconnected,0.08972011506557465,4.019898014462342e-08,0.0,0.9102798700332642,0.32209734316604405,1.6721518662501302,0.9565677296817208,-2.195547520895751,4.400016720788538,0.006156066329828677,-0.9937665561062271,-0.11131098244158805,-1.7573358709933364,2.2977668399348534,1.9688177606958517,-0.13645944661952197,0.08864507188073231,0.9866716123713876
60,2.0,27.0,200,2,0;2,1,JointType.Disconnected,0.08872690051794052,9.27561387698006e-08,0.0,0.9112730026245117,0.3437376952035527,1.7213421704182645,0.968764219929894,-2.1681863850944185,4.265249479547687,0.006738932833934029,-0.991665331004999,-0.1286641289054789,-1.6333394501910887,2.2379379234378263,1.9790639218016524,-0.1213308539460757,0.08029116852239504,0.9893594655826691
61,2.033333333333333,27.599999999999998,200,2,0;2,1,JointType.Disconnected,0.09346102923154831,1.964047697811111e-07,0.0,0.9065387845039368,0.36761035129901537,1.7762231800395272,0.9806501947861264,-2.135111723286358,4.138327808999002,0.007044694907216339,-0.9895008866624248,-0.14435500534425336,-1.5146539980487614,2.1809183501358707,1.981681519384114,-0.107703231078329,0.07251070331680215,0.9915352802194134
62,2.066666666666667,28.200000000000003,200,2,0;2,1,JointType.Disconnected,0.09700560569763184,3.797982515152398e-07,0.0,0.9029940366744995,0.39267894628210276,1.8319433363539226,0.992985369092018,-2.0968430082209264,4.020736729467279,0.007146443398301577,-0.9872366744372415,-0.15909958200086766,-1.402238291343727,2.128165399533475,1.976767442451375,-0.09493893548976673,0.06500808970274653,0.99335821675832
63,2.1,28.8,200,2,0;2,1,JointType.Disconnected,0.09227406978607178,6.673164989479119e-07,0.0,0.9077252745628357,0.4175728984349536,1.8848836116280798,1.005745224913962,-2.054586084519045,3.914819920926739,0.007090855911595735,-0.9849003738839384,-0.17297679984818617,-1.2983226670834354,2.0809821729090032,1.9648461164909623,-0.08295525471580056,0.05778830755789477,0.9948763426801498
64,2.1333333333333333,29.4,200,2,0;2,1,JointType.Disconnected,0.07766731828451157,1.0710065225794096e-06,0.0,0.9223316311836243,0.44137736807377853,1.9338477313682685,1.0187934985166127,-2.009969651736448,3.822643213151615,0.006957042163678246,-0.9825799303194247,-0.18571020461409063,-1.2050636883072672,2.0404975752016075,1.9469243643274363,-0.07196058277867207,0.05106791948785415,0.996099263188833
65,2.1666666666666665,29.999999999999996,200,2,0;2,1,JointType.Disconnected,0.06116581708192825,1.5217119653243572e-06,0.0,0.9388326406478882,0.45436502570603043,1.9446164134915545,1.0280870840524252,-1.9707885664686657,3.75039242053659,0.006647681915128553,-0.9804061227987656,-0.19687468781904635,-1.1314623896645823,2.0073768745970737,1.9288253798822488,-0.0623865847382076,0.04499131048447884,0.9970374596902525
66,2.2,30.600000000000005,200,2,0;2,1,JointType.Disconnected,0.048126161098480225,2.0394725197547814e-06,0.0,0.9518718123435974,0.46349082260658886,1.9497394287068963,1.0349300199735059,-1.9389011272140997,3.6970263830593293,0.00621775801613419,-0.9785413454117813,-0.2059567304191676,-1.076422964540264,1.9824845946629601,1.9126203006808287,-0.05466727638488744,0.03988165393267201,0.9977078442972436
67,2.2333333333333334,31.2,200,2,0;2,1,JointType.Disconnected,0.039138082414865494,2.6599186639941763e-06,0.0,0.9608592391014099,0.4733349840743606,1.9628023538902994,1.0404013791941977,-1.9107962313258853,3.6538051578640385,0.005621449918908548,-0.9768292483069466,-0.21394629922692002,-1.0313515509352977,1.9619464164572444,1.8973021361813984,-0.04797163206676058,0.035189406802946285,0.9982286452340005
68,2.2666666666666666,31.8,200,2,0;2,1,JointType.Disconnected,0.0333346389234066,3.309172598164878e-06,0.0,0.9666620492935181,0.48529408352745895,1.9880146009907371,1.0458960822077992,-1.8840763159189375,3.6180435019289794,0.004896252689530291,-0.9752716030459538,-0.22095548647131527,-0.9927552969396012,1.9453015196929155,1.881292193489927,-0.04218821360570907,0.03089170309696844,0.9986319929345984
69,2.3,32.4,200,2,0;2,1,JointType.Disconnected,0.030065463855862617,3.835507413896266e-06,0.0,0.9699307084083557,0.4999606644073636,2.026032439434827,1.0525446834534207,-1.8569225796832356,3.5878010300036802,0.004165117688167203,-0.9739000248568985,-0.22693918431680382,-0.9580272843569095,1.9323101416812927,1.8633666352657208,-0.037298634683634896,0.02712076436805981,0.9989360720240456
70,2.3333333333333335,32.99999999999999,200,2,0;2,1,JointType.Disconnected,0.028765134513378143,4.2186475184280425e-06,0.0,0.9712306261062622,0.5165921826018619,2.072721811842408,1.0609507727482426,-1.8282341026288362,3.561332765757659,0.003523307339799249,-0.9726808495863246,-0.23211969143830705,-0.9251595225278497,1.9224763717476812,1.8429395144120242,-0.03306251364362567,0.023844017610747184,0.999168821078672
71,2.3666666666666667,33.6,200,2,0;2,1,JointType.Disconnected,0.02790524810552597,4.4991479626332875e-06,0.0,0.9720902442932129,0.5342067171846732,2.1235233665483086,1.0711686828666986,-1.7976566943175194,3.537608431702278,0.0029430871097336224,-0.971563574281704,-0.23676055281069178,-0.8931902244093535,1.9152892406633981,1.8199495875486091,-0.02926451325033716,0.020900590480011944,0.9993531675948237
72,2.4,34.199999999999996,200,2,0;2,1,JointType.Disconnected,0.025207841768860817,4.708748292614473e-06,0.0,0.9747874736785889,0.5519320620453587,2.175339531238046,1.0830270935472754,-1.765387188858935,3.5164763643938994,0.002357093079585716,-0.9705407707504956,-0.2409254167232008,-0.862127758584776,1.910554211185099,1.7946274654441479,-0.02588483895973992,0.01820020671428907,0.9994992384127092
73,2.433333333333333,34.8,200,2,0;2,1,JointType.Disconnected,0.019708028063178062,4.879266725765774e-06,0.0,0.9802870750427246,0.5690650039399805,2.2256291220432867,1.0960411344811698,-1.7321584691601495,3.4977983252022193,0.0017287669562038495,-0.9696248632844363,-0.24459075179869186,-0.8322772535557204,1.90788874464871,1.7677160392472844,-0.02296457317959924,0.015724816364288116,0.9996126042267515
74,2.466666666666667,35.4,200,2,0;2,1,JointType.Disconnected,0.013075869530439377,5.020002845412819e-06,0.0,0.986919105052948,0.5853883788572942,2.274205975714075,1.1098626216604723,-1.6988626054480946,3.4818281301449487,0.0011604300572244047,-0.9688998645976304,-0.24745041075895566,-0.8042348472945009,1.907243250297662,1.7400049951227827,-0.02072383156361543,0.013725014777716177,0.9996910256547642
75,2.5,36.0,200,2,0;2,1,JointType.Disconnected,0.007752508856356144,5.14793828187976e-06,0.0,0.9922423362731934,0.6002066124695826,2.317787857539709,1.1240367193551024,-1.666455465967865,3.4679223272141138,0.0005955137318974818,-0.9683072712080951,-0.24976123375922007,-0.777924745983003,1.9080427347268012,1.7125889690882627,-0.018965734564285797,0.012017367443840174,0.9997479101214249
76,2.533333333333333,36.6,200,2,0;2,1,JointType.Disconnected,0.004563537891954184,5.284201051836135e-06,0.0,0.9954311847686768,0.6135312075828027,2.3565167345901052,1.1382475121716469,-1.6356218341532627,3.4553149904152725,2.7830937413473217e-05,-0.9677798375752483,-0.25179790548824055,-0.753035553926809,1.9097333330040849,1.6863349328125325,-0.017450791397899706,0.01045167677357689,0.9997930947612149
77,2.566666666666667,37.2,200,2,0;2,1,JointType.Disconnected,0.002944145118817687,5.451003289635992e-06,0.0,0.997050404548645,0.625669837351701,2.3916111519167207,1.1522186951593518,-1.6067561728462594,3.4437424193191015,-0.0005628332903399059,-0.9673043272019242,-0.25361786568599615,-0.7295829331551427,1.9120025886436158,1.6616941167480155,-0.016138813908471022,0.008980403782703233,0.9998294309698668
78,2.6,37.8,200,2,0;2,1,JointType.Disconnected,0.002143348567187786,5.673613031831337e-06,0.0,0.9978509545326233,0.6367842690903935,2.4237361583278045,1.1658133771323573,-1.580155065165313,3.4329904742543844,-0.0011798165596642455,-0.966874358034352,-0.2552500417405363,-0.7075292207695756,1.9146685795669214,1.6390100938930035,-0.015006121056815341,0.0075855220873188856,0.9998586280997386
79,2.6333333333333333,38.400000000000006,200,2,0;2,1,JointType.Disconnected,0.001723926281556487,6.015760845912155e-06,0.0,0.9982700347900391,0.6468324601290587,2.4526947277263766,1.1788918409338072,-1.5562206514962391,3.42293912679359,-0.0018096271661929896,-0.9664830100427445,-0.256724203277049,-0.6869405734893848,1.9176080794289652,1.6187024868798978,-0.014019583019490273,0.006262964580138836,0.9998821063338555
80,2.6666666666666665,39.00000000000001,200,2,0;2,1,JointType.Disconnected,0.0014843350509181619,6.508733804366784e-06,0.0,0.9985091686248779,0.6560946704638766,2.479768329338904,1.1913954050232012,-1.535073486917518,3.413688743130181,-0.0024579762108580664,-0.966153605932054,-0.25795574833183305,-0.6679581089965256,1.9208369992995604,1.6008600823103345,-0.013257475358289084,0.005052815261958887,0.9998993491372283
81,2.7,39.6,200,2,0;2,1,JointType.Disconnected,0.0013390176463872194,7.205203473859001e-06,0.0,0.998653769493103,0.6648998915463127,2.5055781097501253,1.2033726129470557,-1.516770493982528,3.4049284105185254,-0.0031192642263224825,-0.965863143527259,-0.25903408688110496,-0.6503132792009789,1.9242515362785753,1.5856220573004622,-0.01263768124873324,0.003912566629430209,0.9999124865882142
82,2.7333333333333334,40.2,200,2,0;2,1,JointType.Disconnected,0.001244565355591476,8.128160516207572e-06,0.0,0.9987472891807556,0.673642873743357,2.531610692497815,1.2149306456426834,-1.501171879348606,3.3965060232097346,-0.003802636174636077,-0.9656102275108914,-0.25996620642785045,-0.6337928641400068,1.9278492159578269,1.5728951529868127,-0.012158789345950105,0.0028307250335847245,0.9999220723823558
83,2.7666666666666666,40.8,200,2,0;2,1,JointType.Disconnected,0.0011764946393668652,9.269954716728535e-06,0.0,0.9988142251968384,0.6824199678448174,2.557988234737879,1.2261815141493548,-1.488096427235976,3.388085541939514,-0.004537380657165825,-0.9653800147070234,-0.2608080508363177,-0.6180195172673959,1.9315351951749027,1.5625961685430045,-0.011786124725141928,0.0017524753363235002,0.999929005526972
84,2.8,41.4,200,2,0;2,1,JointType.Disconnected,0.0011152079096063972,1.073591920430772e-05,0.0,0.9988740682601929,0.6918046155071589,2.5865700692803797,1.2372592349525153,-1.4776172439443143,3.3794857691710645,-0.00531091768430555,-0.9651721065086174,-0.2615618454038521,-0.6027918377262398,1.9353453112126475,1.5548446484409362,-0.011511306545375799,0.0006874653309176249,0.999933506395819
85,2.8333333333333335,42.0,200,2,0;2,1,JointType.Disconnected,0.0010423667263239622,1.2546525795187335e-05,0.0,0.9989450573921204,0.7018681519811139,2.617094895577487,1.2483125865756977,-1.4698880412179955,3.3704220123085875,-0.00611895943514791,-0.9649685813544302,-0.2622941008376844,-0.5878341172026431,1.9392882280455748,1.5498658083210957,-0.011272997672018309,-0.00039593330617079814,0.9999363793563588
86,2.8666666666666667,42.599999999999994,200,2,0;2,1,JointType.Disconnected,0.0009411585633642972,1.4741230188519694e-05,0.0,0.9990441203117371,0.712267527561966,2.6484067435345087,1.259412003424788,-1.4650478406213572,3.360568370696794,-0.006986241717858319,-0.964745954319942,-0.2630901671480029,-0.5728733332304334,1.9432829671953185,1.547881910319277,-0.011007874934523432,-0.001564338025520584,0.9999381878576135
87,2.9,43.199999999999996,200,2,0;2,1,JointType.Disconnected,0.0007982897222973406,1.6906360542634502e-05,0.0,0.999184787273407,0.7233288511780347,2.6824906868687415,1.2705073296345673,-1.4627694705621521,3.350053029959094,-0.007862491102074032,-0.9645779029436726,-0.2636809632613942,-0.5579648784154458,1.9473041859716789,1.5485432719753667,-0.010929696927911736,-0.0026315683598698847,0.9999368062897932
88,2.933333333333333,43.800000000000004,200,2,0;2,1,JointType.Disconnected,0.0006271007005125284,1.9707233150256798e-05,0.0,0.9993531703948975,0.7349491326072666,2.7179913057520673,1.2817684180877418,-1.4636875343357252,3.338786458634669,-0.008749169439472727,-0.9644635439644328,-0.26407105937168895,-0.5430955885938604,1.9515418493116856,1.5524849737993747,-0.011035230547825264,-0.0036012572778668372,0.9999326250466953
89,2.966666666666667,44.4,200,2,0;2,1,JointType.Disconnected,0.000454797554994002,2.271703488077037e-05,0.0,0.9995225071907043,0.7467353579519729,2.7538434196527377,1.293197187405266,-1.4684245239970914,3.3264656382655042,-0.00971498960233884,-0.9643816589962132,-0.2643362153938391,-0.5281591482166315,1.9559347144724581,1.5603883868767134,-0.01129215028136804,-0.0045727339521300925,0.9999257859692519
90,3.0,45.0,200,2,0;2,1,JointType.Disconnected,0.0003093237755820155,2.581876287877094e-05,0.0,0.999664843082428,0.7584446883426281,2.789230341401528,1.3047079951456462,-1.4777752243129996,3.3127583985720572,-0.010793975562961782,-0.9643119424487329,-0.2645486113029095,-0.5131101921942753,1.9603559492170342,1.5731086194696364,-0.011653518713618666,-0.005613650235554837,0.9999163377166234
91,3.033333333333333,45.6,200,2,0;2,1,JointType.Disconnected,0.00020268811204005033,2.863582267309539e-05,0.0,0.9997686743736267,0.7697582299896554,2.8235465634210577,1.3162313344374856,-1.4926077580217114,3.2975051336983205,-0.011997918055880104,-0.964262074472694,-0.2646784874067803,-0.4980547770560251,1.9647879227351814,1.5915245250871368,-0.012151762619012768,-0.006718377696022765,0.9999035943861712
92,3.066666666666667,46.199999999999996,200,2,0;2,1,JointType.Disconnected,0.00013198156375437975,3.084914351347834e-05,0.0,0.9998371601104736,0.780615191565318,2.8565106710858017,1.3276678792134697,-1.5138473967854382,3.2805636991675096,-0.01332095919578281,-0.9642369619065917,-0.26470669303825795,-0.48314199410146896,1.9692039688688805,1.616565221089521,-0.012800848059870251,-0.007871755101163808,0.9998870805048816
93,3.1,46.800000000000004,200,2,0;2,1,JointType.Disconnected,8.796188922133297e-05,3.2987212762236595e-05,0.0,0.9998790621757507,0.79079023234203,2.8870655940289986,1.3389801145905071,-1.5428294359658214,3.261503483590419,-0.01480938197934764,-0.9641896864697076,-0.26479979363820616,-0.46834642442980456,1.973545217918753,1.6496327543646507,-0.013475922780327998,-0.009202232434229546,0.9998668503473076
94,3.1333333333333333,47.4,200,2,0;2,1,JointType.Disconnected,6.0361813666531816e-05,3.322596967336722e-05,0.0,0.9999064207077026,0.8004658537516024,2.9172339133691123,1.350102071005081,-1.5803353688737984,3.24048283969414,-0.016442927867564617,-0.9641726480228549,-0.2647654337857154,-0.45401487305114907,1.9779419014892126,1.6914362972319932,-0.01433776978570736,-0.010590216956371148,0.9998411252105952
95,3.1666666666666665,48.0,200,2,0;2,1,JointType.Disconnected,4.309279393055476e-05,3.290972745162435e-05,0.0,0.9999240040779114,0.8093821579201075,2.9457069568260557,1.3608925777946737,-1.627006655771708,3.2172702892755867,-0.01821056562464259,-0.9641745664588325,-0.2646427416226508,-0.4401779171694451,1.9822478570664526,1.7426560585835627,-0.015345770882346593,-0.01204711248759019,0.9998096690854404
96,3.2,48.6,200,2,0;2,1,JointType.Disconnected,3.211119837942533e-05,3.067898433073424e-05,0.0,0.9999372363090515,0.8174421967247691,2.972081681037658,1.3712012174067036,-1.6826951129346102,3.1919284508505714,-0.020050827502534202,-0.9642088484266609,-0.264384683618768,-0.4269298785894122,1.9863442121301258,1.803132421202101,-0.01651040661248479,-0.013495071004558143,0.9997726189149574
97,3.2333333333333334,49.2,200,2,0;2,1,JointType.Disconnected,2.4874041628208943e-05,2.8350494176265784e-05,0.0,0.9999467730522156,0.8248766607135649,2.9969292647156203,1.3810502908483144,-1.7476440369072694,3.164532142672624,-0.02191050909016843,-0.9642816509060289,-0.2639712622945024,-0.41437785307049424,1.9903208834542037,1.8730792396801297,-0.01782236235615367,-0.014877687658970143,0.9997304725824696
98,3.2666666666666666,49.8,200,2,0;2,1,JointType.Disconnected,1.9959812561864965e-05,2.5147888663923368e-05,0.0,0.999954879283905,0.8324801014686004,3.0214935946151122,1.3904333982717858,-1.8213238901870366,3.1349821984867563,-0.023711284350051827,-0.9643769079604414,-0.2634671789561834,-0.4023197638217395,1.9940497641972756,1.9520137734261989,-0.019184273581473815,-0.016161870415521168,0.9996853292870829
99,3.3,50.400000000000006,200,2,0;2,1,JointType.Disconnected,1.65935380209703e-05,2.187106838391628e-05,0.0,0.9999615550041199,0.8401306921046475,3.0454762121544867,1.399424929062872,-1.903770345886977,3.1031819672290952,-0.025495235137818463,-0.9644855920913941,-0.2629021407926919,-0.3906459200105128,1.9975520018355675,2.039996590462743,-0.02059106024190613,-0.017399664425129358,0.9996365639151097
100,3.3333333333333335,50.99999999999999,200,2,0;2,1,JointType.Disconnected,1.4271762665885035e-05,1.8448134142090566e-05,0.0,0.9999672770500183,0.8480955311710601,3.0697856002602144,1.4080177286301567,-1.9949894831486816,3.069005323515439,-0.027338016004037544,-0.9645981566860713,-0.26230331488335507,-0.37925718007070186,2.0007600695444703,2.1370677761300763,-0.022056831144799838,-0.01867075939384931,0.999582362261113
101,3.3666666666666667,51.6,200,2,0;2,1,JointType.Disconnected,1.2480375517043285e-05,1.5249459465849213e-05,0.0,0.9999722838401794,0.8567215774878413,3.096041783490703,1.4163199028879352,-2.096609427520122,3.0322147096483345,-0.029313453422042286,-0.9647418616009859,-0.2615604364638085,-0.36828125194990635,2.0038761264567135,2.244858813101553,-0.023716905135589633,-0.019980345585300388,0.9995190314351605
102,3.4,52.199999999999996,200,2,0;2,1,JointType.Disconnected,1.0721922990342136e-05,1.2119403436372522e-05,0.0,0.999977171421051,0.8658227766474978,3.1234194589913877,1.4242626818672888,-2.209809044499215,2.992315631290679,-0.03151178992820986,-0.9648958219002822,-0.26073561316954597,-0.35761949226436185,2.006761180798644,2.364638530991396,-0.025561353234705403,-0.021439455217075562,0.9994433285488505
103,3.433333333333333,52.8,200,2,0;2,1,JointType.Disconnected,8.622038876637816e-06,8.963464097178075e-06,0.0,0.9999824166297913,0.8749517669838505,3.1513423503380436,1.4317754006765218,-2.3352118177439145,2.94912318909886,-0.03388731919071359,-0.965079133072606,-0.25975741857720647,-0.34730063583841675,2.009350086923871,2.4970571939924904,-0.0276302192629429,-0.022970946114182517,0.9993542448091673
104,3.466666666666667,53.400000000000006,200,2,0;2,1,JointType.Disconnected,6.2859285208105575e-06,6.443436632252997e-06,0.0,0.9999872446060181,0.8840003410934599,3.17981735914223,1.4387924403824852,-2.472739613870208,2.9028812462439384,-0.036386105318616004,-0.9653196353879717,-0.2585228285358489,-0.3375416334274757,2.0116959533365013,2.6419734098391148,-0.029987477584814654,-0.024473803174187278,0.99925061128142
105,3.5,54.0,200,2,0;2,1,JointType.Disconnected,4.181037184025627e-06,4.537445875030244e-06,0.0,0.9999912977218628,0.893014240115977,3.2079893821095613,1.44524814842587,-2.622047588399581,2.853652103837937,-0.038970484197456856,-0.9656002393925582,-0.2570942999104605,-0.32834725829538947,2.0137251655525255,2.799038369808385,-0.032558224874111336,-0.02594888181414992,0.9991329328601086
106,3.533333333333333,54.6,200,2,0;2,1,JointType.Disconnected,2.8634810860239668e-06,3.2583129723207094e-06,0.0,0.9999938607215881,0.8964734343641466,3.2241651180148496,1.4508546245848097,-2.7733762004643294,2.8042668381384885,-0.04125943236958835,-0.9658499760215771,-0.2557957838973469,-0.3199301330200943,2.0152293605835885,2.958090484764388,-0.034862889977805595,-0.027238745714762896,0.9990208354355189
107,3.566666666666667,55.199999999999996,200,2,0;2,1,JointType.Disconnected,2.0282382138248067e-06,2.481613819327322e-06,0.0,0.9999954700469971,0.9006169303049563,3.239884812769181,1.4557532156898556,-2.9244900200996167,2.755294315400789,-0.04337074390052672,-0.9660602459395176,-0.2546499161374174,-0.31216691928778095,2.016299521680654,3.1168238395788306,-0.036941149584522326,-0.02845689807265861,0.998912186540667
108,3.6,55.800000000000004,200,2,0;2,1,JointType.Disconnected,1.5367826335932477e-06,1.9760952909564367e-06,0.0,0.9999964833259583,0.9041739230128087,3.2537089655819154,1.4600618715950993,-3.0725972526903718,2.707510072818433,-0.045202327232408156,-0.9662493017933416,-0.25361197999434937,-0.30498739758558413,2.01703109742322,3.2723409446368654,-0.03878187353319207,-0.029491079996493197,0.9988124160651468
109,3.6333333333333333,56.400000000000006,200,2,0;2,1,JointType.Disconnected,1.2532796063169371e-06,1.6309302282024873e-06,0.0,0.9999971389770508,0.9093975494288592,3.2697439002042827,1.4639364630119982,-3.2188851397519342,2.660438319793053,-0.04686457708297771,-0.9664217837402396,-0.25265123654391125,-0.29819517255219274,2.017488366952403,3.4259136143282536,-0.040468137854394126,-0.030420264544206183,0.9987176464465111
110,3.6666666666666665,57.0,200,2,0;2,1,JointType.Disconnected,1.128867097577313e-06,1.3661486946148216e-06,0.0,0.9999974966049194,0.9171216154184713,3.2900901022412326,1.4675065584532188,-3.3670882083707525,2.612887276320099,-0.048521081834743275,-0.9666096755826439,-0.25161764581921137,-0.29160931103935495,2.0177142076310237,3.5814596598870594,-0.04221524700783069,-0.031306429531810995,0.9986179351433848
111,3.7,57.6,200,2,0;2,1,JointType.Disconnected,1.1569659363885876e-06,1.1403520829844638e-06,0.0,0.9999976754188538,0.9269287731592346,3.314545051657431,1.4708237841611862,-3.5205464970358973,2.5638865031877267,-0.05029772126704287,-0.9668443760668866,-0.25036391853295387,-0.2851798091325235,2.0177388920736927,3.7424571350533213,-0.04421676502225069,-0.0321806146554577,0.9985035231441921
112,3.7333333333333334,58.199999999999996,200,2,0;2,1,JointType.Disconnected,1.197069650515914e-06,9.464192203267885e-07,0.0,0.9999978542327881,0.938137389281491,3.3419188819430263,1.4738736603009837,-3.6813428501105734,2.5128897355537023,-0.05225479567192259,-0.9671439393106405,-0.2488011997237591,-0.27894808454832587,2.0175702849423125,3.911058963026936,-0.04658123885149637,-0.03304824103067318,0.9983676687232206
113,3.7666666666666666,58.8,200,2,0;2,1,JointType.Disconnected,9.770527640284854e-07,7.849432677176083e-07,0.0,0.9999982118606567,0.9500387171387688,3.3701763611494493,1.476634835132535,-3.8511339579972663,2.459404462597858,-0.05434460703443179,-0.9675041144855663,-0.24694625354472083,-0.2729041824667271,2.017177574545512,4.088993321297548,-0.04926937246376056,-0.03387721787792604,0.9982108309600125
114,3.8,59.400000000000006,200,2,0;2,1,JointType.Disconnected,5.35451306404866e-07,6.407465775737364e-07,0.0,0.9999988079071045,0.961797152828253,3.3974026195654576,1.4790733143011157,-4.029748857378452,2.4035004734602032,-0.056482658622783136,-0.967915545395369,-0.2448452700316824,-0.2670833580431391,2.0165422178597145,4.276076721918826,-0.05219749882283359,-0.03461908795800278,0.9980365423498262
115,3.8333333333333335,59.99999999999999,200,2,0;2,1,JointType.Disconnected,2.108319421267879e-07,5.298135192788322e-07,0.0,0.9999992847442627,0.9731044151724153,3.4236384870554346,1.481161864134519,-4.215648996186617,2.3456540987021093,-0.05859969558798589,-0.9683640688440908,-0.24256361196336165,-0.2615346345198142,2.015661766362179,4.470699082387445,-0.05527280048475061,-0.03524860938810753,0.9978489129436268
116,3.8666666666666667,60.599999999999994,200,2,0;2,1,JointType.Disconnected,8.161809006423937e-08,4.5594299535878235e-07,0.0,0.999999463558197,0.9838909803467175,3.4491577410105343,1.4829001914623186,-4.406045540193494,2.286680180590714,-0.060598733838813396,-0.9688295735990341,-0.24020210402293796,-0.2562815791083528,2.0145499497672317,4.669955093693941,-0.05835755402839268,-0.03573505630435414,0.9976559535424764
117,3.9,61.20000000000001,200,2,0;2,1,JointType.Disconnected,4.355080207574247e-08,4.0383332589044585e-07,0.0,0.9999995231628418,0.9888644872591785,3.469044566001295,1.4843247244357631,-4.586922514050362,2.2305410725535295,-0.061979326099730135,-0.969216921346551,-0.2382795050182386,-0.25131343183732113,2.0132427709255647,4.859279464056529,-0.060744351062299806,-0.03591793518656941,0.9975069051119162
118,3.933333333333333,61.8,200,2,0;2,1,JointType.Disconnected,2.807211885169636e-08,3.649429345387034e-07,0.0,0.9999995827674866,0.9935874070473005,3.4867725794271935,1.4855343403706531,-4.755460483745014,2.1779837893959524,-0.06295378366840526,-0.9695192387715942,-0.23678949886677866,-0.24653973915222105,2.0118013839065387,5.035755843988861,-0.06254564881056981,-0.03597737713143,0.9973934379920533
119,3.966666666666667,62.4,200,2,0;2,1,JointType.Disconnected,1.9791768224308726e-08,3.277077382790594e-07,0.0,0.9999996423721313,0.9997515575040846,3.5044916152249725,1.4865951138908293,-4.913444559011679,2.128494776635686,-0.06370757341433328,-0.9697676378685384,-0.2355675564090538,-0.24191826637227676,2.0102775278523346,5.201241721073223,-0.06399973779848742,-0.03598711727882384,0.9973008377373827
120,4.0,63.0,200,2,0;2,1,JointType.Disconnected,1.450121356327827e-08,2.9917268307144695e-07,0.0,0.9999997019767761,1.0072502448656908,3.5227867119306175,1.487537010413775,-5.063850052350112,2.0812764082286415,-0.06442174768114879,-0.9700033594039259,-0.23439991717320346,-0.23746792111871962,2.0087173920670995,5.358817208741567,-0.06538568922417842,-0.03599140051849137,0.9972107754799868
121,4.033333333333333,63.6,200,2,0;2,1,JointType.Disconnected,1.1028196134077461e-08,2.727089452037035e-07,0.0,0.9999997019767761,1.015981891507239,3.541294361314098,1.4883863909989163,-5.21034062318011,2.035301946385026,-0.06517271042682622,-0.9702557739296581,-0.2331442707247623,-0.23318054856768455,2.0071468098718728,5.512287113411713,-0.06686711669854897,-0.03598152524365035,0.9971128915752534
122,4.066666666666666,64.2,200,2,0;2,1,JointType.Disconnected,9.270898715385556e-09,2.4815616939122265e-07,0.0,0.9999997615814209,1.0258938219224139,3.559714487876824,1.4891346178135019,-5.3557929027602205,1.9896566395573216,-0.06600456765165238,-0.9705289754803337,-0.231769076458039,-0.22897505928240802,2.0055073052363395,5.664668363564852,-0.06849364909268799,-0.03597922929450746,0.9970025652390976
123,4.1,64.8,200,2,0;2,1,JointType.Disconnected,8.95382168408787e-09,2.2439999725065718e-07,0.0,0.9999997615814209,1.0365938102621963,3.577718211675427,1.4897821733089762,-5.502731633280766,1.94359987361372,-0.0669101637966403,-0.9708322660784963,-0.23023410069231404,-0.22482758166418737,2.0037851871596137,5.818591942924965,-0.07029703387483599,-0.03595722339891616,0.9968778285797315
124,4.133333333333334,65.4,200,2,0;2,1,JointType.Disconnected,8.532672346461823e-09,2.0152920399141294e-07,0.0,0.9999997615814209,1.0474714565221346,3.5948648295642123,1.4903229246058372,-5.652524628822027,1.8967030275372994,-0.06782342686104165,-0.9711630208624632,-0.22856589788968934,-0.22070583241598918,2.0019540375423928,5.975490656021406,-0.0722208442697399,-0.035872245077358644,0.9967433630007656
125,4.166666666666667,65.99999999999999,200,2,0;2,1,JointType.Disconnected,6.6021335065613584e-09,1.8082566555222002e-07,0.0,0.9999998211860657,1.0583096067665965,3.6111605702137526,1.4907408538693283,-5.805179619887733,1.8488936663907098,-0.06869102260838918,-0.9715057441411277,-0.22684385050912795,-0.21655996659660692,1.9999654399949316,6.135391604273087,-0.07416852844035002,-0.03571982459398887,0.996605801468147
126,4.2,66.60000000000001,200,2,0;2,1,JointType.Disconnected,4.086908589329141e-09,1.6182012529952772e-07,0.0,0.9999998211860657,1.0689018370053984,3.6273642899644187,1.4910389269436677,-5.959673700187374,1.8004922494991686,-0.0694778379667982,-0.9718531411415553,-0.22510953352701793,-0.21241489105078637,1.9978377197997426,6.297223300821659,-0.07608602963910266,-0.03549134175297,0.9964694078366538
127,4.233333333333333,67.2,200,2,0;2,1,JointType.Disconnected,2.3134056892359922e-09,1.4491405408989522e-07,0.0,0.9999998807907104,1.0793933100649062,3.644283704026558,1.49122954091627,-6.11458893129736,1.7519537925608382,-0.07016531278607951,-0.9721977956061224,-0.22340160048716737,-0.2083098079431247,1.995608721889944,6.459497534224557,-0.07793016270647898,-0.03519096422033681,0.9963375360678652
128,4.266666666666667,67.8,200,2,0;2,1,JointType.Disconnected,1.366160851112852e-09,1.3007672805542825e-07,0.0,0.9999998807907104,1.089503672830134,3.6615911047657974,1.491310444368059,-6.268020143165413,1.7037897771578434,-0.07075096884829432,-0.9725235935888286,-0.2217930574208735,-0.20422454024210124,1.9932637770695019,6.620241826571152,-0.07963557192199083,-0.034854827292139776,0.9962144933191309
129,4.3,68.39999999999999,200,2,0;2,1,JointType.Disconnected,8.742045976006807e-10,1.1674673316974804e-07,0.0,0.9999998807907104,1.0989508556735241,3.678974198001862,1.4913049456190886,-6.4185768448566165,1.6564289557351117,-0.07120828554701474,-0.9728252875657797,-0.2203187235393596,-0.20017739011889502,1.9908409597396362,6.778001512144725,-0.08115866526316651,-0.034478070148349166,0.9961046801072401
130,4.333333333333333,69.00000000000001,200,2,0;2,1,JointType.Disconnected,5.997021768067157e-10,1.0564139074631385e-07,0.0,0.9999998807907104,1.10813749278557,3.696410738914632,1.4912329208597839,-6.565213238699671,1.610170280642138,-0.07154613105743715,-0.9730935174228609,-0.2190209064914039,-0.19616148789645083,1.9883593177198642,6.931688909775254,-0.0824668458199069,-0.03409048388876268,0.9960105713539118
131,4.366666666666666,69.6,200,2,0;2,1,JointType.Disconnected,4.3199427368634247e-10,9.590069538489843e-08,0.0,0.9999998807907104,1.1170294371337453,3.7132520995404645,1.4911188745898967,-6.7078541982496285,1.5650540189812765,-0.07177475505410928,-0.9733315733654551,-0.21788536625218904,-0.19218003865192124,1.9858493046303867,7.081220783669549,-0.08357790230297574,-0.03369338511488121,0.9959314685489834
132,4.4,70.2,200,2,0;2,1,JointType.Disconnected,3.213647403743636e-10,8.730114586796844e-08,0.0,0.9999999403953552,1.1257214525330295,3.728752869547166,1.490969873817506,-6.846528326652363,1.521059313475229,-0.07193053475967963,-0.9735451428593912,-0.2168775068652212,-0.18821884975940018,1.9833106773720606,7.226630324471565,-0.08454039768716251,-0.03330014649898912,0.9958634551995782
133,4.433333333333334,70.8,200,2,0;2,1,JointType.Disconnected,2.4391164088477524e-10,7.95511283513406e-08,0.0,0.9999999403953552,1.1343362566811297,3.7427146268403053,1.4907878762656022,-6.981548057495194,1.4780896445752416,-0.072051722148463,-0.9737423792270024,-0.2159498280452604,-0.18426997012776614,1.980740968751154,7.368244434759391,-0.08541509442881687,-0.03291904031768432,0.9958014854519344
134,4.466666666666667,71.4,200,2,0;2,1,JointType.Disconnected,1.8931937961763623e-10,7.322176287516413e-08,0.0,0.9999999403953552,1.1427717241250213,3.7548842000537155,1.490575729903408,-7.113792482610631,1.435883151402297,-0.07213929162269318,-0.9739295066943086,-0.21507496040766044,-0.18032042019116012,1.978135746100849,7.506980280582991,-0.0862265598168235,-0.03253653316442351,0.9957441209426227
135,4.5,72.0,200,2,0;2,1,JointType.Disconnected,1.4800145831106448e-10,6.750212833139813e-08,0.0,0.9999999403953552,1.151277698928242,3.7658168012751774,1.49033428293498,-7.2438291930674374,1.3942714161102565,-0.07220511741818786,-0.9741096517767857,-0.21423540168220356,-0.17636286808745405,1.9754916197094898,7.643429858281325,-0.08699607304910564,-0.032153749691090874,0.9956896201401505
136,4.533333333333333,72.6,200,2,0;2,1,JointType.Disconnected,1.1974997382591113e-10,6.304668431766913e-08,0.0,0.9999999403953552,1.1579134802781967,3.7807511819797237,1.4900770490414574,-7.368984556812605,1.354036298607142,-0.0720727932555458,-0.9742307516300522,-0.21372869496323313,-0.17241339555976642,1.9728339305860638,7.774807688523824,-0.08737518725492346,-0.03177327800996593,0.9956686373772494
137,4.566666666666666,73.2,200,2,0;2,1,JointType.Disconnected,9.890276098101225e-11,5.826637661243694e-08,0.0,0.9999999403953552,1.1640015429629729,3.793017112320986,1.4897848905466975,-7.4895940688573495,1.3149189431383521,-0.07189735811000238,-0.9742952672114019,-0.21349356474204328,-0.16834609085746033,1.9700652118591293,7.90150693272125,-0.08749459158804518,-0.03149765945151721,0.9956669091076179
138,4.6,73.79999999999998,200,2,0;2,1,JointType.Disconnected,8.223902808746075e-11,5.479578035760824e-08,0.0,0.9999999403953552,1.1700936524740302,3.80326531409045,1.4895049705150551,-7.606684077448817,1.2767829840496943,-0.07169871600125648,-0.9743434849399416,-0.21334026220772526,-0.16426328035530302,1.9673014890893383,8.02455242161719,-0.08753068097938543,-0.031244756595688775,0.9956717054695092
139,4.633333333333334,74.4,200,2,0;2,1,JointType.Disconnected,6.736537022655753e-11,5.0098083903549195e-08,0.0,0.9999999403953552,1.1771163444605315,3.8059717368880537,1.489189263321814,-7.722977518528473,1.2386330837402542,-0.07164589452263267,-0.9744037395384784,-0.2130826557265534,-0.16000165366735475,1.9643893206676202,8.146835032056515,-0.08773052285286997,-0.03106391765132077,0.9956597754153343
140,4.666666666666667,75.0,200,2,0;2,1,JointType.Disconnected,5.3746104788920945e-11,4.597270830686284e-08,0.0,0.9999999403953552,1.1855025514821649,3.8023600929045385,1.4888446754553901,-7.841346325975821,1.199707293331269,-0.07174537193003737,-0.9745290626542374,-0.21247519301997136,-0.15559732929088055,1.961358315567702,8.271325696008237,-0.08831271406806207,-0.03083217112800192,0.9956155089980602
141,4.7,75.6,200,2,0;2,1,JointType.Disconnected,4.1394158933893976e-11,4.150641785827247e-08,0.0,0.9999999403953552,1.1953865865011817,3.794889588821237,1.4884481519438235,-7.963769034448431,1.1594742083918945,-0.07197798963396286,-0.9747379776024105,-0.2114356734986215,-0.1510840915167191,1.9582017934793363,8.400072909405278,-0.0893396780157685,-0.03048993249544313,0.9955344222820536
142,4.733333333333333,76.2,200,2,0;2,1,JointType.Disconnected,3.0555408897514624e-11,3.6788264878850896e-08,0.0,0.9999999403953552,1.2068937632285455,3.7864655747391938,1.4879646433566163,-8.091480983216961,1.1176329775780907,-0.07231136012536797,-0.9750285403065081,-0.20997717205586736,-0.14651919222479926,1.9549131160315074,8.534347294639105,-0.09078355375142996,-0.030016115369324442,0.9954181931160372
143,4.766666666666667,76.80000000000001,200,2,0;2,1,JointType.Disconnected,2.1182550505316478e-11,3.141943594187069e-08,0.0,0.9999999403953552,1.2197614621041644,3.779796188718025,1.48735711190229,-8.224591742428103,1.0742229569407615,-0.07269654163025016,-0.9753872333391218,-0.20817050193064085,-0.1419796766769159,1.951495146984624,8.674243625863884,-0.09255758357099475,-0.029405518103876663,0.9952730325034136
144,4.8,77.39999999999999,200,2,0;2,1,JointType.Disconnected,1.505709619487039e-11,2.736343773790395e-08,0.0,1.0,1.2334367052313011,3.776547130418966,1.4865913038873275,-8.362333997607093,1.0294860913002637,-0.0730717485762888,-0.9757823401126349,-0.2061779432536709,-0.13750421624864506,1.9479310809741923,8.818957723858771,-0.09448859878017665,-0.028689573103424057,0.9951124625366231
145,4.833333333333333,78.00000000000001,200,2,0;2,1,JointType.Disconnected,1.0718224918715435e-11,2.3763856660252713e-08,0.0,1.0,1.2474216007883088,3.7782176029274166,1.485668810050991,-8.503177976243393,0.9838856390800128,-0.07337230557608448,-0.9761782350972613,-0.20418755617531079,-0.13311830127094337,1.9442379901004423,8.966891504265002,-0.0963797344578749,-0.027910495248664943,0.9949532406303342
146,4.866666666666666,78.6,200,2,0;2,1,JointType.Disconnected,6.016564416816417e-12,1.9466623868424904e-08,0.0,1.0,1.258329942943863,3.8010857585659057,1.4846586757783007,-8.64108216093432,0.9391124251508792,-0.07329251108066631,-0.9764222623348502,-0.20304623472594485,-0.1287757935992615,1.9404687428783673,9.111771318644239,-0.09733885175541601,-0.02724490425154022,0.9948783157408053
147,4.9,79.2,200,2,0;2,1,JointType.Disconnected,4.698264780694794e-12,1.781689640267814e-08,0.0,1.0,1.2674134873826042,3.82597802270057,1.4836576546764637,-8.773527526904038,0.8958911522903589,-0.07302067421049029,-0.9765567369136877,-0.2024967178162056,-0.12443890137182168,1.9367134624005704,9.250976004887638,-0.09768493991792163,-0.02672166316605215,0.9948585855441325
148,4.933333333333334,79.8,200,2,0;2,1,JointType.Disconnected,3.759670092612355e-12,1.6492206711404833e-08,0.0,1.0,1.2753894644768777,3.844568568846284,1.4826905225611855,-8.900433825382313,0.8542520403864922,-0.07268646471149741,-0.9766296901194492,-0.20226499011181528,-0.12010119410707665,1.9329971652263427,9.384420124312685,-0.09772210454833843,-0.026310225257246328,0.9948659016820088
149,4.966666666666667,80.4,200,2,0;2,1,JointType.Disconnected,3.023043837827033e-12,1.593396703469807e-08,0.0,1.0,1.282979442177177,3.8547116544384994,1.481761074558739,-9.023236973878397,0.8137968972366822,-0.07236274541754023,-0.976695135286025,-0.20206495436925562,-0.11576631605084797,1.9293264473284228,9.513593768775339,-0.09773670788960567,-0.025924475677832085,0.9948745938517736
150,5.0,81.0,200,2,0;2,1,JointType.Disconnected,2.0412983369605397e-12,1.2841272045704955e-08,0.0,1.0,1.2909031197336618,3.856690880424829,1.4808605055637132,-9.143312583904393,0.7741316079337595,-0.07210749663112255,-0.9767835497523698,-0.2017285449874473,-0.11143368577501045,1.9256907063976856,9.639927881452365,-0.09790446001763589,-0.025527032718707904,0.9948683768766768
151,5.033333333333333,81.6,200,2,0;2,1,JointType.Disconnected,1.6181334700979266e-12,1.189847509408537e-08,0.0,1.0,1.299821548010668,3.853668035397544,1.479993301780948,-9.262048702454125,0.7349291198743365,-0.07189198799614599,-0.9769223489324129,-0.2011324593851991,-0.10715422446891454,1.9221255707184337,9.764847171312757,-0.09831891515396196,-0.025028576633860766,0.9948401687078336
152,5.066666666666666,82.2,200,2,0;2,1,JointType.Disconnected,1.2687688356535776e-12,1.0699756636256552e-08,0.0,1.0,1.3098926590350215,3.84656502569577,1.479121824060075,-9.380460180176353,0.6958523813393638,-0.0717566305252336,-0.9771116785738175,-0.2002592159435411,-0.10290521145764098,1.9185736368764075,9.889419875701487,-0.09901526990258092,-0.024455158779689234,0.9947853645561837
153,5.1,82.8,200,2,0;2,1,JointType.Disconnected,9.874927481626217e-13,9.499103725829627e-09,0.0,1.0,1.3208103193590128,3.8375798147625635,1.4782095130369046,-9.49935915451829,0.6566459842160871,-0.07166850694923363,-0.9773418343039552,-0.19916466561879861,-0.09868359753787548,1.9149905042199062,10.014496968418875,-0.09992823439200224,-0.02380742328381938,0.9947097840917632
154,5.133333333333334,83.4,200,2,0;2,1,JointType.Disconnected,7.666098658654086e-13,8.379133831226682e-09,0.0,1.0,1.3323498522791482,3.8290864551317,1.477237592911618,-9.618915458297447,0.6172701334406657,-0.07159688412318756,-0.9775955181715121,-0.19794163037325785,-0.09450570244174705,1.9113640488361536,10.140252708010625,-0.1009613170453938,-0.02310718754321936,0.9946219735881076
155,5.166666666666667,84.0,200,2,0;2,1,JointType.Disconnected,5.967277453416964e-13,7.361930176585929e-09,0.0,1.0,1.3442572254944676,3.8230459052065706,1.4762031391897479,-9.7387702829853,0.577842921107309,-0.07151579153913395,-0.9778523150351812,-0.19669860584373253,-0.0903869919739062,1.9077000987112864,10.266309702506776,-0.10200678911230815,-0.022388525245052582,0.994531733486845
156,5.2,84.6,200,2,0;2,1,JointType.Disconnected,4.680230812278974e-13,6.4779523967217756e-09,0.0,1.0,1.3559357206887614,3.819993177072156,1.475118874718808,-9.858597030418629,0.5384691280844344,-0.07137942945539442,-0.9780940331534821,-0.19554293482551982,-0.08633141716497894,1.9040158309557604,10.39232517414013,-0.10294822738747703,-0.021667606458196334,0.9944506912402189
157,5.233333333333333,85.19999999999999,200,2,0;2,1,JointType.Disconnected,3.8056772902299307e-13,5.850197215551134e-09,0.0,1.0,1.365436165179693,3.8364123577870637,1.4740433376060065,-9.976139652779297,0.49981958076656957,-0.07103245273176144,-0.9782029829666609,-0.1951238447090379,-0.0823375425492312,1.9003785668541222,10.515945688759622,-0.10314206650846139,-0.021147753870429067,0.9944417964982163
158,5.266666666666667,85.80000000000001,200,2,0;2,1,JointType.Disconnected,3.8409385264351337e-13,5.7028621824883885e-09,0.0,1.0,1.3726699377997744,3.852692899243516,1.4729813196886519,-10.090263642016723,0.46206395962533686,-0.070652781333474,-0.9782201890121157,-0.19517542442363203,-0.07827873096673343,1.896718276721042,10.636033273688126,-0.10290881711296906,-0.020844822090202317,0.9944723569574154
159,5.3,86.39999999999999,200,2,0;2,1,JointType.Disconnected,3.246889248350454e-13,5.318906204365703e-09,0.0,1.0,1.3785432474651211,3.860556000922809,1.471964119120607,-10.201466482695865,0.4251210982558741,-0.07025227940682764,-0.9782141163273503,-0.19535035156366162,-0.07418780403824532,1.8930910096431068,10.753088767914926,-0.10255753351798955,-0.02058810347149373,0.9945139930207888
160,5.333333333333333,87.0,200,2,0;2,1,JointType.Disconnected,2.761409536363585e-13,4.65078509037653e-09,0.0,1.0,1.383998038268498,3.8519946839668155,1.4709609345303312,-10.31103792493804,0.38852591808042475,-0.0699320447559248,-0.9782288366865648,-0.19539153561785952,-0.06999680422576238,1.8894203166896943,10.868479738446592,-0.10236276523903329,-0.020331420933179495,0.9945393394006374
161,5.366666666666666,87.60000000000001,200,2,0;2,1,JointType.Disconnected,2.3359360778150984e-13,4.231260675169324e-09,0.0,1.0,1.390481177587264,3.831163658691993,1.469972697412874,-10.420068206162943,0.35201480129838353,-0.06965998841571526,-0.9783147715477395,-0.19505818051396065,-0.06574149044928701,1.8857286331688803,10.98332704691614,-0.10251879927573526,-0.019921398964216117,0.9945315649381723
162,5.4,88.2,200,2,0;2,1,JointType.Disconnected,1.9508200122583114e-13,3.848461105349088e-09,0.0,1.0,1.3991161533511614,3.8006427826783282,1.4689815493697769,-10.52967980067907,0.31531602766070044,-0.06941403781511259,-0.9784981724855094,-0.19422414318699027,-0.06146807137369725,1.8820227492953956,11.098784780859958,-0.10312467896046171,-0.01927319467131773,0.9944816964411478
163,5.433333333333334,88.8,200,2,0;2,1,JointType.Disconnected,1.6078295379112761e-13,3.353917810144935e-09,0.0,1.0,1.410087209284075,3.7632639123808467,1.4679396632285675,-10.641209125396966,0.27805801820698284,-0.06919551713412223,-0.9787740917446733,-0.19290738124273826,-0.05720545853717218,1.878264223640982,11.216240043338596,-0.10416509043677183,-0.018397493677490412,0.9943898461673298
164,5.466666666666667,89.4,200,2,0;2,1,JointType.Disconnected,1.3132846047626823e-13,2.925601538805722e-09,0.0,1.0,1.4234246082550783,3.723235768439221,1.4668057907441268,-10.75594620130839,0.23990134796202361,-0.06895833175705687,-0.9791197522276283,-0.19123090565855563,-0.052994949231903066,1.874429672248017,11.337026555692841,-0.10550944301397958,-0.01731858153117516,0.9942674811984085
165,5.5,90.0,200,2,0;2,1,JointType.Disconnected,1.0680886920353891e-13,2.489235706448767e-09,0.0,1.0,1.4385553216177347,3.6826751841674654,1.4655415452714509,-10.874699113905596,0.20058953802434715,-0.06868792245631435,-0.9795008660743085,-0.1893674276857422,-0.04883260181299298,1.8704720334155622,11.46199168253368,-0.10699955900616237,-0.016113943756696336,0.9941284802222964
166,5.533333333333333,90.0,200,2,0;2,1,JointType.Disconnected,8.925272223766004e-14,2.2267838684086882e-09,0.0,1.0,1.4520205814852645,3.6894564817845663,1.4642137679559661,-10.992195762447095,0.1616613815029806,-0.06833979091004914,-0.9796794726860899,-0.188567769716555,-0.04472708787378954,1.8664743334120546,11.585643572657581,-0.10752352911388183,-0.01539563639941155,0.994083329035727
167,5.566666666666666,90.0,200,2,0;2,1,JointType.Disconnected,7.585208502969287e-14,2.058682779804144e-09,0.0,1.0,1.4617409054439496,3.7099318671963335,1.4629164120071214,-11.106125703318774,0.12374427541134293,-0.06792282966144642,-0.9797331253673915,-0.1884396249959794,-0.040610250961474526,1.8625053041092001,11.705588226369521,-0.1074281759806609,-0.01496694067861555,0.994100184937208
